Workbook

Sheet Export
A1: Plant | B1: Material Description | C1: Material | D1: Batch | E1: Unrestricted | F1: In Quality Insp. | G1: In Block
A2: B001 | B2: T/CRTN CLOSE-UP TP LMN AND SEA SLT 140G | C2: 64822307 | D2: 261 | E2: 10200
A3: B001 | B3: T/CRTN CLOSE-UP TP LMN AND SEA SLT 140G | C3: 64822307 | D3: 262 | E3: 49800
A4: B001 | B4: T/CRTN CLOSE-UP TP LMN AND SEA SLT 140G | C4: 64822307 | D4: 95 | E4: 600
A5: B001 | B5: T/CTN CLSE-UP TPST RED HOT HAILEE 145G | C5: 65068921 | D5: 259 | E5: 26400
A6: B001 | B6: T/CTN CLSE-UP TPST RED HOT HAILEE 145G | C6: 65068921 | D6: 260 | E6: 13800
A7: B001 | B7: T/CTN CLSE-UP TPST RED HOT HAILEE 145G | C7: 65068921 | D7: 2910 | E7: 7200
A8: B001 | B8: T/CTN CLSE-UP TPST RED HOT HAILEE 145G | C8: 65068921 | D8: 317 | E8: 40200
A9: B001 | B9: T/CRTN GLOW & LOVELY GAL MVT GVN 95T 25G | C9: 65456801 | D9: 033 | E9: 142800
A10: B001 | B10: T/CRTN GLOW & LOVELY GAL MVT GVN 95T 25G | C10: 65456801 | D10: 89 | E10: 3600
A11: B001 | B11: T/CRTN GLOW & LOVELY GAL MVT GVN 95T 25G | C11: 65456801 | D11: 90 | E11: 150000
A12: B001 | B12: T/CAP POND'S FW BRGT BTY PNY PNK GLS 50G | C12: 65654605 | D12: 0005 | E12: 55000
A13: B001 | B13: T/CAP POND'S FW BRGT BTY PNY PNK GLS 50G | C13: 65654605 | D13: 0007 | E13: 161920
A14: B001 | B14: T/CAP POND'S FW BRGT BTY PNY PNK GLS 50G | C14: 65654605 | D14: 0008 | E14: 245960
A15: B001 | B15: T/CAP POND'S FW BRGT BTY PNY PNK GLS 50G | C15: 65654605 | D15: 0009 | E15: 46200
E16: 954308

Sheet BatchTable
A1: Plant | B1: Material | C1: Material Description | D1: Batch | E1: Unrestricted | F1: C Shift Issue Qty | G1: Available Qty | H1: In Quality Insp. | I1: Issue Qty | J1: Lookup Key
A2: =IFERROR(INDEX(Export!$A$2:$G$9995,ROWS($A$2:$A2),MATCH(A$1,Export!$A$1:$G$1,0)),"") -> B001 | B2: =IFERROR(INDEX(Export!$A$2:$G$9995,ROWS($A$2:$A2),MATCH(B$1,Export!$A$1:$G$1,0)),"") -> 64822307 | C2: =IFERROR(INDEX(Export!$A$2:$G$9995,ROWS($A$2:$A2),MATCH(C$1,Export!$A$1:$G$1,0)),"") -> T/CRTN CLOSE-UP TP LMN AND SEA SLT 140G | D2: =IFERROR(INDEX(Export!$A$2:$G$9995,ROWS($A$2:$A2),MATCH(D$1,Export!$A$1:$G$1,0)),"") -> 261 | E2: =IFERROR(INDEX(Export!$A$2:$G$9995,ROWS($A$2:$A2),MATCH(E$1,Export!$A$1:$G$1,0)),"") -> 10200 | F2: 5000 | G2: =E2-F2 -> 5200 | I2: 80000 | J2: =A2&"|"&B2&"|"&C2 -> B001|64822307|T/CRTN CLOSE-UP TP LMN AND SEA SLT 140G
A3: =IFERROR(INDEX(Export!$A$2:$G$9995,ROWS($A$2:$A3),MATCH(A$1,Export!$A$1:$G$1,0)),"") -> B001 | B3: =IFERROR(INDEX(Export!$A$2:$G$9995,ROWS($A$2:$A3),MATCH(B$1,Export!$A$1:$G$1,0)),"") -> 64822307 | C3: =IFERROR(INDEX(Export!$A$2:$G$9995,ROWS($A$2:$A3),MATCH(C$1,Export!$A$1:$G$1,0)),"") -> T/CRTN CLOSE-UP TP LMN AND SEA SLT 140G | D3: =IFERROR(INDEX(Export!$A$2:$G$9995,ROWS($A$2:$A3),MATCH(D$1,Export!$A$1:$G$1,0)),"") -> 262 | E3: =IFERROR(INDEX(Export!$A$2:$G$9995,ROWS($A$2:$A3),MATCH(E$1,Export!$A$1:$G$1,0)),"") -> 49800 | G3: =E3-F3 -> 49800
A4: =IFERROR(INDEX(Export!$A$2:$G$9995,ROWS($A$2:$A4),MATCH(A$1,Export!$A$1:$G$1,0)),"") -> B001 | B4: =IFERROR(INDEX(Export!$A$2:$G$9995,ROWS($A$2:$A4),MATCH(B$1,Export!$A$1:$G$1,0)),"") -> 64822307 | C4: =IFERROR(INDEX(Export!$A$2:$G$9995,ROWS($A$2:$A4),MATCH(C$1,Export!$A$1:$G$1,0)),"") -> T/CRTN CLOSE-UP TP LMN AND SEA SLT 140G | D4: =IFERROR(INDEX(Export!$A$2:$G$9995,ROWS($A$2:$A4),MATCH(D$1,Export!$A$1:$G$1,0)),"") -> 95 | E4: =IFERROR(INDEX(Export!$A$2:$G$9995,ROWS($A$2:$A4),MATCH(E$1,Export!$A$1:$G$1,0)),"") -> 600 | G4: =E4-F4 -> 600
A5: =IFERROR(INDEX(Export!$A$2:$G$9995,ROWS($A$2:$A5),MATCH(A$1,Export!$A$1:$G$1,0)),"") -> B001 | B5: =IFERROR(INDEX(Export!$A$2:$G$9995,ROWS($A$2:$A5),MATCH(B$1,Export!$A$1:$G$1,0)),"") -> 65068921 | C5: =IFERROR(INDEX(Export!$A$2:$G$9995,ROWS($A$2:$A5),MATCH(C$1,Export!$A$1:$G$1,0)),"") -> T/CTN CLSE-UP TPST RED HOT HAILEE 145G | D5: =IFERROR(INDEX(Export!$A$2:$G$9995,ROWS($A$2:$A5),MATCH(D$1,Export!$A$1:$G$1,0)),"") -> 259 | E5: =IFERROR(INDEX(Export!$A$2:$G$9995,ROWS($A$2:$A5),MATCH(E$1,Export!$A$1:$G$1,0)),"") -> 26400 | G5: =E5-F5 -> 26400
A6: =IFERROR(INDEX(Export!$A$2:$G$9995,ROWS($A$2:$A6),MATCH(A$1,Export!$A$1:$G$1,0)),"") -> B001 | B6: =IFERROR(INDEX(Export!$A$2:$G$9995,ROWS($A$2:$A6),MATCH(B$1,Export!$A$1:$G$1,0)),"") -> 65068921 | C6: =IFERROR(INDEX(Export!$A$2:$G$9995,ROWS($A$2:$A6),MATCH(C$1,Export!$A$1:$G$1,0)),"") -> T/CTN CLSE-UP TPST RED HOT HAILEE 145G | D6: =IFERROR(INDEX(Export!$A$2:$G$9995,ROWS($A$2:$A6),MATCH(D$1,Export!$A$1:$G$1,0)),"") -> 260 | E6: =IFERROR(INDEX(Export!$A$2:$G$9995,ROWS($A$2:$A6),MATCH(E$1,Export!$A$1:$G$1,0)),"") -> 13800 | G6: =E6-F6 -> 13800
A7: =IFERROR(INDEX(Export!$A$2:$G$9995,ROWS($A$2:$A7),MATCH(A$1,Export!$A$1:$G$1,0)),"") -> B001 | B7: =IFERROR(INDEX(Export!$A$2:$G$9995,ROWS($A$2:$A7),MATCH(B$1,Export!$A$1:$G$1,0)),"") -> 65068921 | C7: =IFERROR(INDEX(Export!$A$2:$G$9995,ROWS($A$2:$A7),MATCH(C$1,Export!$A$1:$G$1,0)),"") -> T/CTN CLSE-UP TPST RED HOT HAILEE 145G | D7: =IFERROR(INDEX(Export!$A$2:$G$9995,ROWS($A$2:$A7),MATCH(D$1,Export!$A$1:$G$1,0)),"") -> 2910 | E7: =IFERROR(INDEX(Export!$A$2:$G$9995,ROWS($A$2:$A7),MATCH(E$1,Export!$A$1:$G$1,0)),"") -> 7200 | G7: =E7-F7 -> 7200
A8: =IFERROR(INDEX(Export!$A$2:$G$9995,ROWS($A$2:$A8),MATCH(A$1,Export!$A$1:$G$1,0)),"") -> B001 | B8: =IFERROR(INDEX(Export!$A$2:$G$9995,ROWS($A$2:$A8),MATCH(B$1,Export!$A$1:$G$1,0)),"") -> 65068921 | C8: =IFERROR(INDEX(Export!$A$2:$G$9995,ROWS($A$2:$A8),MATCH(C$1,Export!$A$1:$G$1,0)),"") -> T/CTN CLSE-UP TPST RED HOT HAILEE 145G | D8: =IFERROR(INDEX(Export!$A$2:$G$9995,ROWS($A$2:$A8),MATCH(D$1,Export!$A$1:$G$1,0)),"") -> 317 | E8: =IFERROR(INDEX(Export!$A$2:$G$9995,ROWS($A$2:$A8),MATCH(E$1,Export!$A$1:$G$1,0)),"") -> 40200 | F8: 458921 | G8: =E8-F8 -> -418721
A9: =IFERROR(INDEX(Export!$A$2:$G$9995,ROWS($A$2:$A9),MATCH(A$1,Export!$A$1:$G$1,0)),"") -> B001 | B9: =IFERROR(INDEX(Export!$A$2:$G$9995,ROWS($A$2:$A9),MATCH(B$1,Export!$A$1:$G$1,0)),"") -> 65456801 | C9: =IFERROR(INDEX(Export!$A$2:$G$9995,ROWS($A$2:$A9),MATCH(C$1,Export!$A$1:$G$1,0)),"") -> T/CRTN GLOW & LOVELY GAL MVT GVN 95T 25G | D9: =IFERROR(INDEX(Export!$A$2:$G$9995,ROWS($A$2:$A9),MATCH(D$1,Export!$A$1:$G$1,0)),"") -> 033 | E9: =IFERROR(INDEX(Export!$A$2:$G$9995,ROWS($A$2:$A9),MATCH(E$1,Export!$A$1:$G$1,0)),"") -> 142800 | G9: =E9-F9 -> 142800
A10: =IFERROR(INDEX(Export!$A$2:$G$9995,ROWS($A$2:$A10),MATCH(A$1,Export!$A$1:$G$1,0)),"") -> B001 | B10: =IFERROR(INDEX(Export!$A$2:$G$9995,ROWS($A$2:$A10),MATCH(B$1,Export!$A$1:$G$1,0)),"") -> 65456801 | C10: =IFERROR(INDEX(Export!$A$2:$G$9995,ROWS($A$2:$A10),MATCH(C$1,Export!$A$1:$G$1,0)),"") -> T/CRTN GLOW & LOVELY GAL MVT GVN 95T 25G | D10: =IFERROR(INDEX(Export!$A$2:$G$9995,ROWS($A$2:$A10),MATCH(D$1,Export!$A$1:$G$1,0)),"") -> 89 | E10: =IFERROR(INDEX(Export!$A$2:$G$9995,ROWS($A$2:$A10),MATCH(E$1,Export!$A$1:$G$1,0)),"") -> 3600 | G10: =E10-F10 -> 3600
A11: =IFERROR(INDEX(Export!$A$2:$G$9995,ROWS($A$2:$A11),MATCH(A$1,Export!$A$1:$G$1,0)),"") -> B001 | B11: =IFERROR(INDEX(Export!$A$2:$G$9995,ROWS($A$2:$A11),MATCH(B$1,Export!$A$1:$G$1,0)),"") -> 65456801 | C11: =IFERROR(INDEX(Export!$A$2:$G$9995,ROWS($A$2:$A11),MATCH(C$1,Export!$A$1:$G$1,0)),"") -> T/CRTN GLOW & LOVELY GAL MVT GVN 95T 25G | D11: =IFERROR(INDEX(Export!$A$2:$G$9995,ROWS($A$2:$A11),MATCH(D$1,Export!$A$1:$G$1,0)),"") -> 90 | E11: =IFERROR(INDEX(Export!$A$2:$G$9995,ROWS($A$2:$A11),MATCH(E$1,Export!$A$1:$G$1,0)),"") -> 150000 | G11: =E11-F11 -> 150000
A12: =IFERROR(INDEX(Export!$A$2:$G$9995,ROWS($A$2:$A12),MATCH(A$1,Export!$A$1:$G$1,0)),"") -> B001 | B12: =IFERROR(INDEX(Export!$A$2:$G$9995,ROWS($A$2:$A12),MATCH(B$1,Export!$A$1:$G$1,0)),"") -> 65654605 | C12: =IFERROR(INDEX(Export!$A$2:$G$9995,ROWS($A$2:$A12),MATCH(C$1,Export!$A$1:$G$1,0)),"") -> T/CAP POND'S FW BRGT BTY PNY PNK GLS 50G | D12: =IFERROR(INDEX(Export!$A$2:$G$9995,ROWS($A$2:$A12),MATCH(D$1,Export!$A$1:$G$1,0)),"") -> 0005 | E12: =IFERROR(INDEX(Export!$A$2:$G$9995,ROWS($A$2:$A12),MATCH(E$1,Export!$A$1:$G$1,0)),"") -> 55000 | G12: =E12-F12 -> 55000
A13: =IFERROR(INDEX(Export!$A$2:$G$9995,ROWS($A$2:$A13),MATCH(A$1,Export!$A$1:$G$1,0)),"") -> B001 | B13: =IFERROR(INDEX(Export!$A$2:$G$9995,ROWS($A$2:$A13),MATCH(B$1,Export!$A$1:$G$1,0)),"") -> 65654605 | C13: =IFERROR(INDEX(Export!$A$2:$G$9995,ROWS($A$2:$A13),MATCH(C$1,Export!$A$1:$G$1,0)),"") -> T/CAP POND'S FW BRGT BTY PNY PNK GLS 50G | D13: =IFERROR(INDEX(Export!$A$2:$G$9995,ROWS($A$2:$A13),MATCH(D$1,Export!$A$1:$G$1,0)),"") -> 0007 | E13: =IFERROR(INDEX(Export!$A$2:$G$9995,ROWS($A$2:$A13),MATCH(E$1,Export!$A$1:$G$1,0)),"") -> 161920 | G13: =E13-F13 -> 161920
A14: =IFERROR(INDEX(Export!$A$2:$G$9995,ROWS($A$2:$A14),MATCH(A$1,Export!$A$1:$G$1,0)),"") -> B001 | B14: =IFERROR(INDEX(Export!$A$2:$G$9995,ROWS($A$2:$A14),MATCH(B$1,Export!$A$1:$G$1,0)),"") -> 65654605 | C14: =IFERROR(INDEX(Export!$A$2:$G$9995,ROWS($A$2:$A14),MATCH(C$1,Export!$A$1:$G$1,0)),"") -> T/CAP POND'S FW BRGT BTY PNY PNK GLS 50G | D14: =IFERROR(INDEX(Export!$A$2:$G$9995,ROWS($A$2:$A14),MATCH(D$1,Export!$A$1:$G$1,0)),"") -> 0008 | E14: =IFERROR(INDEX(Export!$A$2:$G$9995,ROWS($A$2:$A14),MATCH(E$1,Export!$A$1:$G$1,0)),"") -> 245960 | G14: =E14-F14 -> 245960
A15: =IFERROR(INDEX(Export!$A$2:$G$9995,ROWS($A$2:$A15),MATCH(A$1,Export!$A$1:$G$1,0)),"") -> B001 | B15: =IFERROR(INDEX(Export!$A$2:$G$9995,ROWS($A$2:$A15),MATCH(B$1,Export!$A$1:$G$1,0)),"") -> 65654605 | C15: =IFERROR(INDEX(Export!$A$2:$G$9995,ROWS($A$2:$A15),MATCH(C$1,Export!$A$1:$G$1,0)),"") -> T/CAP POND'S FW BRGT BTY PNY PNK GLS 50G | D15: =IFERROR(INDEX(Export!$A$2:$G$9995,ROWS($A$2:$A15),MATCH(D$1,Export!$A$1:$G$1,0)),"") -> 0009 | E15: =IFERROR(INDEX(Export!$A$2:$G$9995,ROWS($A$2:$A15),MATCH(E$1,Export!$A$1:$G$1,0)),"") -> 46200 | G15: =E15-F15 -> 46200
A16: =IFERROR(INDEX(Export!$A$2:$G$9995,ROWS($A$2:$A16),MATCH(A$1,Export!$A$1:$G$1,0)),"") -> 0 | B16: =IFERROR(INDEX(Export!$A$2:$G$9995,ROWS($A$2:$A16),MATCH(B$1,Export!$A$1:$G$1,0)),"") -> 0 | C16: =IFERROR(INDEX(Export!$A$2:$G$9995,ROWS($A$2:$A16),MATCH(C$1,Export!$A$1:$G$1,0)),"") -> 0 | D16: =IFERROR(INDEX(Export!$A$2:$G$9995,ROWS($A$2:$A16),MATCH(D$1,Export!$A$1:$G$1,0)),"") -> 0 | E16: =IFERROR(INDEX(Export!$A$2:$G$9995,ROWS($A$2:$A16),MATCH(E$1,Export!$A$1:$G$1,0)),"") -> 954308 | G16: =E16-F16 -> 954308
A17: =IFERROR(INDEX(Export!$A$2:$G$9995,ROWS($A$2:$A17),MATCH(A$1,Export!$A$1:$G$1,0)),"") -> 0 | B17: =IFERROR(INDEX(Export!$A$2:$G$9995,ROWS($A$2:$A17),MATCH(B$1,Export!$A$1:$G$1,0)),"") -> 0 | C17: =IFERROR(INDEX(Export!$A$2:$G$9995,ROWS($A$2:$A17),MATCH(C$1,Export!$A$1:$G$1,0)),"") -> 0 | D17: =IFERROR(INDEX(Export!$A$2:$G$9995,ROWS($A$2:$A17),MATCH(D$1,Export!$A$1:$G$1,0)),"") -> 0 | E17: =IFERROR(INDEX(Export!$A$2:$G$9995,ROWS($A$2:$A17),MATCH(E$1,Export!$A$1:$G$1,0)),"") -> 0 | G17: =E17-F17 -> 0
A18: =IFERROR(INDEX(Export!$A$2:$G$9995,ROWS($A$2:$A18),MATCH(A$1,Export!$A$1:$G$1,0)),"") -> 0 | B18: =IFERROR(INDEX(Export!$A$2:$G$9995,ROWS($A$2:$A18),MATCH(B$1,Export!$A$1:$G$1,0)),"") -> 0 | C18: =IFERROR(INDEX(Export!$A$2:$G$9995,ROWS($A$2:$A18),MATCH(C$1,Export!$A$1:$G$1,0)),"") -> 0 | D18: =IFERROR(INDEX(Export!$A$2:$G$9995,ROWS($A$2:$A18),MATCH(D$1,Export!$A$1:$G$1,0)),"") -> 0 | E18: =IFERROR(INDEX(Export!$A$2:$G$9995,ROWS($A$2:$A18),MATCH(E$1,Export!$A$1:$G$1,0)),"") -> 0 | G18: =E18-F18 -> 0
A19: =IFERROR(INDEX(Export!$A$2:$G$9995,ROWS($A$2:$A19),MATCH(A$1,Export!$A$1:$G$1,0)),"") -> 0 | B19: =IFERROR(INDEX(Export!$A$2:$G$9995,ROWS($A$2:$A19),MATCH(B$1,Export!$A$1:$G$1,0)),"") -> 0 | C19: =IFERROR(INDEX(Export!$A$2:$G$9995,ROWS($A$2:$A19),MATCH(C$1,Export!$A$1:$G$1,0)),"") -> 0 | D19: =IFERROR(INDEX(Export!$A$2:$G$9995,ROWS($A$2:$A19),MATCH(D$1,Export!$A$1:$G$1,0)),"") -> 0 | E19: =IFERROR(INDEX(Export!$A$2:$G$9995,ROWS($A$2:$A19),MATCH(E$1,Export!$A$1:$G$1,0)),"") -> 0 | G19: =E19-F19 -> 0
A20: =IFERROR(INDEX(Export!$A$2:$G$9995,ROWS($A$2:$A20),MATCH(A$1,Export!$A$1:$G$1,0)),"") -> 0 | B20: =IFERROR(INDEX(Export!$A$2:$G$9995,ROWS($A$2:$A20),MATCH(B$1,Export!$A$1:$G$1,0)),"") -> 0 | C20: =IFERROR(INDEX(Export!$A$2:$G$9995,ROWS($A$2:$A20),MATCH(C$1,Export!$A$1:$G$1,0)),"") -> 0 | D20: =IFERROR(INDEX(Export!$A$2:$G$9995,ROWS($A$2:$A20),MATCH(D$1,Export!$A$1:$G$1,0)),"") -> 0 | E20: =IFERROR(INDEX(Export!$A$2:$G$9995,ROWS($A$2:$A20),MATCH(E$1,Export!$A$1:$G$1,0)),"") -> 0 | G20: =E20-F20 -> 0

Sheet Print
A1: Material | B1: Material Description | C1: Batch | D1: Available Qty
A2: {=_xlfn.UNIQUE(_xlfn._xlws.FILTER(BatchTable!B2:B10000,BatchTable!B2:B10000<>""))} -> 64822307 | B2: {=_xlfn.XLOOKUP(_xlfn.ANCHORARRAY(A2),BatchTable!B2:B10000,BatchTable!C2:C10000,"")} -> T/CRTN CLOSE-UP TP LMN AND SEA SLT 140G | C2: {=_xlfn.MAP(_xlfn.ANCHORARRAY(A2),_xlfn.LAMBDA(_xlpm.m,_xlfn.TEXTJOIN(", ",TRUE(),_xlfn._xlws.FILTER(BatchTable!D2:D10000,BatchTable!B2:B10000=_xlpm.m,""))))} -> 261, 262, 95 | D2: {=_xlfn.MAP(_xlfn.ANCHORARRAY(A2),_xlfn.LAMBDA(_xlpm.m,SUMIF(BatchTable!B2:B10000,_xlpm.m,BatchTable!G2:G10000)))} -> 55600
A3: 65068921 | B3: T/CTN CLSE-UP TPST RED HOT HAILEE 145G | C3: 259, 260, 2910, 317 | D3: -371321
A4: 65456801 | B4: T/CRTN GLOW & LOVELY GAL MVT GVN 95T 25G | C4: 033, 89, 90 | D4: 296400
A5: 65654605 | B5: T/CAP POND'S FW BRGT BTY PNY PNK GLS 50G | C5: 0005, 0007, 0008, 0009 | D5: 509080
A6: 0 | B6: 0 | C6: 0, 0, 0, 0, 0 | D6: 954308
A7: #N/A | B7: #N/A | C7: #N/A | D7: 0
A8: #N/A | B8: #N/A | C8: #N/A | D8: 0

Sheet Dashboard
A1: SAP Batch Stock Dashboard
A4: 📦 Total Materials 0 | C4: 🏷 Total Batches 0 | E4: 📊 Total Stock 0 | G4: ✅ Available Qty 0 | I4: 🚚 C Shift Issue 0
A8: Filters
A9: Storage Location | D9: Material | G9: Batch
A11: Top 10 Materials by Available Qty | G11: Stock Status
B16: (Insert Pivot Chart) | H16: (Insert Doughnut Chart)
A24: Low Available Stock | F24: Recent C Shift Issue
A25: Material | B25: Description | C25: Available Qty | F25: Material | G25: Batch | H25: Issue Qty
